{"cameraMode":{"drawMode":0,"name":"Shaded","section":"Shading Mode"},"sceneLighting":false,"audioPlay":false,"sceneViewState":{"m_AlwaysRefresh":false,"showFog":true,"showSkybox":false,"showFlares":true,"showImageEffects":true,"showParticleSystems":true,"showVisualEffectGraphs":true,"m_FxEnabled":true},"in2DMode":false,"pivot":{"x":0.8154575228691101,"y":1.3057676553726197,"z":0.4937911033630371},"rotation":{"x":-0.0009350467007607222,"y":-0.9987838864326477,"z":-0.02458515577018261,"w":0.044637978076934817},"size":1.9985967874526978,"orthographic":false}